[{"order_id":"offline_66dbc7a29dd696.78483935","cart":[{"name":"totola","variant":"unit","price":400,"unit_qty":1,"quantity":1,"product_id":2,"variant_id":1}],"paymentMethod":"cash","store_id":"1","created_at":"2024-09-07T03:25:22.646569Z"},{"order_id":"offline_66dbca17e710c5.91388017","cart":[{"name":"totola","variant":"unit","price":400,"unit_qty":1,"quantity":1,"product_id":2,"variant_id":1}],"paymentMethod":"cash","store_id":"1","created_at":"2024-09-07T03:35:51.946515Z"},{"order_id":"offline_66dbcd9729aaa3.11579868","cart":[{"name":"totola","variant":"unit","price":400,"unit_qty":1,"quantity":1,"product_id":2,"variant_id":1}],"paymentMethod":"cash","store_id":"1","created_at":"2024-09-07T03:50:47.170717Z"},{"order_id":"offline_66dbce98c52e17.59438269","cart":[{"name":"totola","variant":"unit","price":400,"unit_qty":1,"quantity":1,"product_id":2,"variant_id":1}],"paymentMethod":"cash","store_id":"1","created_at":"2024-09-07T03:55:04.807704Z"},{"order_id":"offline_66dc3247329791.58598526","cart":[{"name":"totola","variant":"unit","price":400,"unit_qty":1,"quantity":1,"product_id":2,"variant_id":1}],"paymentMethod":"cash","store_id":"1","created_at":"2024-09-07T11:00:23.207283Z"},{"order_id":"offline_66dc327ed78de2.26397429","cart":[{"name":"totola","variant":"unit","price":400,"unit_qty":1,"quantity":1,"product_id":2,"variant_id":1}],"paymentMethod":"cash","store_id":"1","created_at":"2024-09-07T11:01:18.882956Z"},{"order_id":"offline_66dc33118ca938.92189663","cart":[{"name":"totola","variant":"unit","price":400,"unit_qty":1,"quantity":1,"product_id":2,"variant_id":1}],"paymentMethod":"cash","store_id":"1","created_at":"2024-09-07T11:03:45.576193Z"},{"order_id":"offline_66dc331b45ed28.85579119","cart":[{"name":"totola","variant":"unit","price":400,"unit_qty":1,"quantity":1,"product_id":2,"variant_id":1}],"paymentMethod":"cash","store_id":"1","created_at":"2024-09-07T11:03:55.286481Z"},{"order_id":"offline_66dc349552c744.95352768","cart":[{"name":"totola","variant":"unit","price":400,"unit_qty":1,"quantity":1,"product_id":2,"variant_id":1}],"paymentMethod":"cash","store_id":"1","created_at":"2024-09-07T11:10:13.339115Z"},{"order_id":"offline_66dc35082aaec5.71425119","cart":[{"name":"totola","variant":"unit","price":400,"unit_qty":1,"quantity":1,"product_id":2,"variant_id":1}],"paymentMethod":"cash","store_id":"1","created_at":"2024-09-07T11:12:08.174874Z"},{"order_id":"offline_66dc3511ed4569.43561364","cart":[{"name":"totola","variant":"unit","price":400,"unit_qty":1,"quantity":1,"product_id":2,"variant_id":1}],"paymentMethod":"cash","store_id":"1","created_at":"2024-09-07T11:12:17.971929Z"},{"order_id":"offline_66dc354d85fd85.08375219","cart":[{"name":"totola","variant":"unit","price":400,"unit_qty":1,"quantity":1,"product_id":2,"variant_id":1}],"paymentMethod":"cash","store_id":"1","created_at":"2024-09-07T11:13:17.548877Z"},{"order_id":"offline_66dc36924a4564.03166412","cart":[{"name":"totola","variant":"unit","price":400,"unit_qty":1,"quantity":1,"product_id":2,"variant_id":1}],"paymentMethod":"cash","store_id":"1","created_at":"2024-09-07T11:18:42.304270Z"},{"order_id":"offline_66dc36ba2a4e62.66475286","cart":[{"name":"Fanta","variant":"N\/A","price":300,"unit_qty":1,"quantity":1,"product_id":1,"variant_id":null}],"paymentMethod":"cash","store_id":"1","created_at":"2024-09-07T11:19:22.173332Z"},{"order_id":"offline_66dc3b535f09a5.40904344","cart":[{"name":"totola","variant":"unit","price":400,"unit_qty":1,"quantity":1,"product_id":2,"variant_id":1}],"paymentMethod":"cash","store_id":"1","created_at":"2024-09-07T11:38:59.389350Z"},{"order_id":"offline_66dc3c6fa6be13.40428633","cart":[{"name":"totola","variant":"unit","price":400,"unit_qty":1,"quantity":1,"product_id":2,"variant_id":1}],"paymentMethod":"cash","store_id":"1","created_at":"2024-09-07T11:43:43.683039Z"},{"order_id":"offline_66dc3c965f5c58.31984870","cart":[{"name":"totola","variant":"unit","price":400,"unit_qty":1,"quantity":1,"product_id":2,"variant_id":1}],"paymentMethod":"pos","store_id":"1","created_at":"2024-09-07T11:44:22.390654Z"},{"order_id":"offline_66dc3f29aedcd5.87470761","cart":[{"name":"totola","variant":"unit","price":400,"unit_qty":1,"quantity":1,"product_id":2,"variant_id":1}],"paymentMethod":"pos","store_id":"1","created_at":"2024-09-07T11:55:21.716333Z"},{"order_id":"offline_66dc3f2d3daf44.36426007","cart":[{"name":"totola","variant":"unit","price":400,"unit_qty":1,"quantity":1,"product_id":2,"variant_id":1}],"paymentMethod":"pos","store_id":"1","created_at":"2024-09-07T11:55:25.252718Z"},{"order_id":"offline_66dc3f2ea0a297.62815799","cart":[{"name":"totola","variant":"unit","price":400,"unit_qty":1,"quantity":1,"product_id":2,"variant_id":1}],"paymentMethod":"cash","store_id":"1","created_at":"2024-09-07T11:55:26.658018Z"},{"order_id":"offline_66dc3f2f9ff370.05497462","cart":[{"name":"totola","variant":"unit","price":400,"unit_qty":1,"quantity":1,"product_id":2,"variant_id":1}],"paymentMethod":"pos","store_id":"1","created_at":"2024-09-07T11:55:27.655218Z"},{"order_id":"offline_66dc3f31f379f4.67276483","cart":[{"name":"totola","variant":"unit","price":400,"unit_qty":1,"quantity":1,"product_id":2,"variant_id":1}],"paymentMethod":"pos","store_id":"1","created_at":"2024-09-07T11:55:29.997335Z"},{"order_id":"offline_66dc3f32932bb9.13340473","cart":[{"name":"totola","variant":"unit","price":400,"unit_qty":1,"quantity":1,"product_id":2,"variant_id":1}],"paymentMethod":"pos","store_id":"1","created_at":"2024-09-07T11:55:30.602866Z"},{"order_id":"offline_66dc3f333609e1.52810649","cart":[{"name":"totola","variant":"unit","price":400,"unit_qty":1,"quantity":1,"product_id":2,"variant_id":1}],"paymentMethod":"cash","store_id":"1","created_at":"2024-09-07T11:55:31.221406Z"},{"order_id":"offline_66dc3f33dfc682.91982630","cart":[{"name":"totola","variant":"unit","price":400,"unit_qty":1,"quantity":1,"product_id":2,"variant_id":1}],"paymentMethod":"pos","store_id":"1","created_at":"2024-09-07T11:55:31.916643Z"},{"order_id":"offline_66dc3f346bc1e4.40556288","cart":[{"name":"totola","variant":"unit","price":400,"unit_qty":1,"quantity":1,"product_id":2,"variant_id":1}],"paymentMethod":"bank","store_id":"1","created_at":"2024-09-07T11:55:32.441444Z"},{"order_id":"offline_66dc3f383d4840.13650191","cart":[{"name":"totola","variant":"unit","price":400,"unit_qty":1,"quantity":2,"product_id":2,"variant_id":1}],"paymentMethod":"cash","store_id":"1","created_at":"2024-09-07T11:55:36.251068Z"},{"order_id":"offline_66dc3f38d14b88.23354746","cart":[{"name":"totola","variant":"unit","price":400,"unit_qty":1,"quantity":2,"product_id":2,"variant_id":1}],"paymentMethod":"cash","store_id":"1","created_at":"2024-09-07T11:55:36.857377Z"},{"order_id":"offline_66dc3f39555990.83522668","cart":[{"name":"totola","variant":"unit","price":400,"unit_qty":1,"quantity":2,"product_id":2,"variant_id":1}],"paymentMethod":"cash","store_id":"1","created_at":"2024-09-07T11:55:37.349650Z"},{"order_id":"offline_66dc3f39e79a85.48420342","cart":[{"name":"totola","variant":"unit","price":400,"unit_qty":1,"quantity":2,"product_id":2,"variant_id":1}],"paymentMethod":"cash","store_id":"1","created_at":"2024-09-07T11:55:37.948725Z"},{"order_id":"offline_66dc3f3d7726b9.85482191","cart":[{"name":"totola","variant":"unit","price":400,"unit_qty":1,"quantity":2,"product_id":2,"variant_id":1}],"paymentMethod":"pos","store_id":"1","created_at":"2024-09-07T11:55:41.488100Z"},{"order_id":"offline_66dc3f3e1c0e11.06332984","cart":[{"name":"totola","variant":"unit","price":400,"unit_qty":1,"quantity":2,"product_id":2,"variant_id":1}],"paymentMethod":"pos","store_id":"1","created_at":"2024-09-07T11:55:42.114979Z"},{"order_id":"offline_66dc3f3ea91658.10979701","cart":[{"name":"totola","variant":"unit","price":400,"unit_qty":1,"quantity":2,"product_id":2,"variant_id":1}],"paymentMethod":"pos","store_id":"1","created_at":"2024-09-07T11:55:42.692636Z"},{"order_id":"offline_66dc3f3fe8ea75.72316843","cart":[{"name":"totola","variant":"unit","price":400,"unit_qty":1,"quantity":2,"product_id":2,"variant_id":1}],"paymentMethod":"pos","store_id":"1","created_at":"2024-09-07T11:55:43.954113Z"},{"order_id":"offline_66dc3f4bed45e3.67184925","cart":[{"name":"totola","variant":"unit","price":400,"unit_qty":1,"quantity":3,"product_id":2,"variant_id":1}],"paymentMethod":"cash","store_id":"1","created_at":"2024-09-07T11:55:55.971975Z"},{"order_id":"offline_66dc3f552de2f1.65670113","cart":[{"name":"totola","variant":"unit","price":400,"unit_qty":1,"quantity":3,"product_id":2,"variant_id":1}],"paymentMethod":"cash","store_id":"1","created_at":"2024-09-07T11:56:05.188008Z"},{"order_id":"offline_66dc3f679f5bc2.86524194","cart":[{"name":"totola","variant":"unit","price":400,"unit_qty":1,"quantity":1,"product_id":2,"variant_id":1}],"paymentMethod":"cash","store_id":"1","created_at":"2024-09-07T11:56:23.652791Z"},{"order_id":"offline_66dc3fdb0b1e51.86452679","cart":[{"name":"totola","variant":"unit","price":400,"unit_qty":1,"quantity":1,"product_id":2,"variant_id":1}],"paymentMethod":"pos","store_id":"1","created_at":"2024-09-07T11:58:19.045618Z"},{"order_id":"offline_66dc405c8dcac1.45629199","cart":[{"name":"totola","variant":"unit","price":400,"unit_qty":1,"quantity":2,"product_id":2,"variant_id":1}],"paymentMethod":"cash","store_id":"1","created_at":"2024-09-07T12:00:28.580840Z"},{"order_id":"offline_66dc405e8c0198.30487809","cart":[{"name":"totola","variant":"unit","price":400,"unit_qty":1,"quantity":2,"product_id":2,"variant_id":1}],"paymentMethod":"cash","store_id":"1","created_at":"2024-09-07T12:00:30.573521Z"},{"order_id":"offline_66dc405f59ccf1.74501719","cart":[{"name":"totola","variant":"unit","price":400,"unit_qty":1,"quantity":2,"product_id":2,"variant_id":1}],"paymentMethod":"cash","store_id":"1","created_at":"2024-09-07T12:00:31.367882Z"},{"order_id":"offline_66dc4085ca40d5.66416249","cart":[{"name":"totola","variant":"unit","price":400,"unit_qty":1,"quantity":2,"product_id":2,"variant_id":1}],"paymentMethod":"cash","store_id":"1","created_at":"2024-09-07T12:01:09.828485Z"},{"order_id":"offline_66dc4092cecb26.38684048","cart":[{"name":"totola","variant":"unit","price":400,"unit_qty":1,"quantity":2,"product_id":2,"variant_id":1}],"paymentMethod":"cash","store_id":"1","created_at":"2024-09-07T12:01:22.847090Z"},{"order_id":"offline_66dc44c8cb1620.77257093","cart":[{"name":"totola","variant":"unit","price":400,"unit_qty":1,"quantity":1,"product_id":2,"variant_id":1}],"paymentMethod":"cash","store_id":"1","created_at":"2024-09-07T12:19:20.831932Z"},{"order_id":"offline_66dc461d3a7165.99090658","cart":[{"name":"totola","variant":"unit","price":400,"unit_qty":1,"quantity":1,"product_id":2,"variant_id":1}],"paymentMethod":"cash","store_id":"1","created_at":"2024-09-07T12:25:01.239432Z"},{"order_id":"offline_66dc46e87e1f59.47571547","cart":[{"name":"totola","variant":"unit","price":400,"unit_qty":1,"quantity":3,"product_id":2,"variant_id":1}],"paymentMethod":"pos","store_id":"1","created_at":"2024-09-07T12:28:24.516660Z"},{"order_id":"offline_66dc46f41d7ce9.56817328","cart":[{"name":"totola","variant":"unit","price":400,"unit_qty":1,"quantity":3,"product_id":2,"variant_id":1}],"paymentMethod":"pos","store_id":"1","created_at":"2024-09-07T12:28:36.120833Z"},{"order_id":"offline_66dc4a177e45a0.66834867","cart":[{"name":"totola","variant":"unit","price":400,"unit_qty":1,"quantity":1,"product_id":2,"variant_id":1}],"paymentMethod":"bank","store_id":"1","created_at":"2024-09-07T12:41:59.517269Z"},{"order_id":"offline_66dc4c7d97a210.04496882","cart":[{"name":"totola","variant":"unit","price":400,"unit_qty":1,"quantity":1,"product_id":2,"variant_id":1}],"paymentMethod":"bank","store_id":"1","created_at":"2024-09-07T12:52:13.621153Z"},{"order_id":"offline_66dc4cc38ec605.20853588","cart":[{"name":"totola","variant":"unit","price":400,"unit_qty":1,"quantity":1,"product_id":2,"variant_id":1}],"paymentMethod":"cash","store_id":"1","created_at":"2024-09-07T12:53:23.584860Z"},{"order_id":"offline_66dc4dd2e03b07.98659594","cart":[{"name":"totola","variant":"unit","price":400,"unit_qty":1,"quantity":1,"product_id":2,"variant_id":1}],"paymentMethod":"pos","store_id":"1","created_at":"2024-09-07T12:57:54.918512Z"},{"order_id":"offline_66dc4e1310d627.85824362","cart":[{"name":"totola","variant":"unit","price":400,"unit_qty":1,"quantity":3,"product_id":2,"variant_id":1}],"paymentMethod":"pos","store_id":"1","created_at":"2024-09-07T12:58:59.069025Z"},{"order_id":"offline_66dc4e2dc55ea8.05007310","cart":[{"name":"totola","variant":"unit","price":400,"unit_qty":1,"quantity":3,"product_id":2,"variant_id":1}],"paymentMethod":"pos","store_id":"1","created_at":"2024-09-07T12:59:25.808497Z"},{"order_id":"offline_66dc500b1b8da4.42930703","cart":[{"name":"totola","variant":"unit","price":400,"unit_qty":1,"quantity":1,"product_id":2,"variant_id":1}],"paymentMethod":"pos","store_id":"1","created_at":"2024-09-07T13:07:23.112928Z"},{"order_id":"offline_66dc512eb4a8b5.32152025","cart":[{"name":"totola","variant":"unit","price":400,"unit_qty":1,"quantity":1,"product_id":2,"variant_id":1}],"paymentMethod":"cash","store_id":"1","created_at":"2024-09-07T13:12:14.740044Z"},{"order_id":"offline_66dc52a435b9f5.59590572","cart":[{"name":"totola","variant":"unit","price":400,"unit_qty":1,"quantity":2,"product_id":2,"variant_id":1}],"paymentMethod":"bank","store_id":"1","created_at":"2024-09-07T13:18:28.220125Z"},{"order_id":"offline_66dc5338f0f941.47061809","cart":[{"name":"totola","variant":"unit","price":400,"unit_qty":1,"quantity":1,"product_id":2,"variant_id":1}],"paymentMethod":"pos","store_id":"1","created_at":"2024-09-07T13:20:56.987110Z"},{"order_id":"offline_66dd91bad51f66.15636273","cart":[{"name":"Indomie","variant":"N\/A","price":1000,"unit_qty":1,"quantity":1,"product_id":3,"variant_id":null}],"paymentMethod":"bank","store_id":"1","created_at":"2024-09-08T11:59:54.873021Z"},{"order_id":"offline_66dd91c8a505a9.51029264","cart":[{"name":"Indomie","variant":"N\/A","price":1000,"unit_qty":1,"quantity":1,"product_id":3,"variant_id":null}],"paymentMethod":"bank","store_id":"1","created_at":"2024-09-08T12:00:08.675989Z"}]